video_id,filename,rel_path,source_folder,source_role,exercise,file_size_bytes,file_hash,is_duplicate,dup_reason,width,height,fps,total_frames,duration_sec,is_valid,split
vid_0001,barbell biceps curl_1.mp4,Dataset/Dataset2/final_kaggle_with_additional_video/barbell biceps curl/barbell biceps curl_1.mp4,final_kaggle_with_additional_video,primary_training,bicep_curl,485556,7f4ca42b9ce5b41101d01c1f8304a9c0ea7bcd1f1c30abcf5b135193c68cf6c7,False,,1920,1080,29.97,114,3.8,True,train
vid_0002,barbell biceps curl_10.mp4,Dataset/Dataset2/final_kaggle_with_additional_video/barbell biceps curl/barbell biceps curl_10.mp4,final_kaggle_with_additional_video,primary_training,bicep_curl,251054,67af338130a2540b63dc54b56262d1c58d0a12f62ce715907291ae952857bf87,False,,1920,1080,29.97,59,1.97,True,train
vid_0003,barbell biceps curl_11.mp4,Dataset/Dataset2/final_kaggle_with_additional_video/barbell biceps curl/barbell biceps curl_11.mp4,final_kaggle_with_additional_video,primary_training,bicep_curl,4284055,9a5da1c84eacfb48e896aef0f80575c29b164182014f00ef685672236c02c7df,False,,1280,720,30.0,201,6.7,True,train
vid_0004,barbell biceps curl_12.mp4,Dataset/Dataset2/final_kaggle_with_additional_video/barbell biceps curl/barbell biceps curl_12.mp4,final_kaggle_with_additional_video,primary_training,bicep_curl,529318,ff161bc1b4d8f7ed166e1c29fbb7892c74765aef999143261e33260c4044f527,False,,1920,1080,29.97,123,4.1,True,train
vid_0005,barbell biceps curl_13.mp4,Dataset/Dataset2/final_kaggle_with_additional_video/barbell biceps curl/barbell biceps curl_13.mp4,final_kaggle_with_additional_video,primary_training,bicep_curl,1939243,be1471d84a84506c838a36db02239a670c0cf2a881c8e4b090c71f8aef2999c0,False,,1280,720,30.0,141,4.7,True,val
vid_0006,barbell biceps curl_14.mp4,Dataset/Dataset2/final_kaggle_with_additional_video/barbell biceps curl/barbell biceps curl_14.mp4,final_kaggle_with_additional_video,primary_training,bicep_curl,298082,1a846949e5f1b9399cb19b3847333edb0a1a11b0913d4f59bf6c8f83881bfeaf,False,,1920,1080,29.97,69,2.3,True,train
vid_0007,barbell biceps curl_15.mp4,Dataset/Dataset2/final_kaggle_with_additional_video/barbell biceps curl/barbell biceps curl_15.mp4,final_kaggle_with_additional_video,primary_training,bicep_curl,281127,d5addc73bd1999f2401a374a4de7f800af932d4ee5e1789a6f9aac14279fb1c2,False,,1920,1080,29.97,65,2.17,True,train
vid_0008,barbell biceps curl_16.mp4,Dataset/Dataset2/final_kaggle_with_additional_video/barbell biceps curl/barbell biceps curl_16.mp4,final_kaggle_with_additional_video,primary_training,bicep_curl,273419,4ad61276b15cd032e48e206a95e898cfacdf3d5a1376227488a6a4b928e37f6f,False,,1920,1080,29.97,63,2.1,True,train
vid_0009,barbell biceps curl_17.mp4,Dataset/Dataset2/final_kaggle_with_additional_video/barbell biceps curl/barbell biceps curl_17.mp4,final_kaggle_with_additional_video,primary_training,bicep_curl,263586,ad86a7f8a09fbb60486e104642d06501bb0a56f94e9187a9c88d5aed0b53579d,False,,1920,1080,29.97,61,2.04,True,train
vid_0010,barbell biceps curl_18.mp4,Dataset/Dataset2/final_kaggle_with_additional_video/barbell biceps curl/barbell biceps curl_18.mp4,final_kaggle_with_additional_video,primary_training,bicep_curl,3910534,e53267a23f01fac6abdf8b076a2f12f1f1cef5d740a215f8aabf9431890c3ce3,False,,1280,720,30.0,229,7.63,True,train
vid_0011,barbell biceps curl_19.mp4,Dataset/Dataset2/final_kaggle_with_additional_video/barbell biceps curl/barbell biceps curl_19.mp4,final_kaggle_with_additional_video,primary_training,bicep_curl,925825,1482b9fa7a0fa6ffa3572327c3e86e62474903643b027ee907dab4f8ecc24eb6,False,,1280,720,29.97,421,14.05,True,train
vid_0012,barbell biceps curl_2.mp4,Dataset/Dataset2/final_kaggle_with_additional_video/barbell biceps curl/barbell biceps curl_2.mp4,final_kaggle_with_additional_video,primary_training,bicep_curl,330716,739ba82a74565a1df68136b6c5636e66b1e9c9518a2d45ec90fc0be7f2fb49c9,False,,1920,1080,29.97,77,2.57,True,val
vid_0013,barbell biceps curl_20.mp4,Dataset/Dataset2/final_kaggle_with_additional_video/barbell biceps curl/barbell biceps curl_20.mp4,final_kaggle_with_additional_video,primary_training,bicep_curl,1752802,545a389071ac502647007e37256973bfcf6950ffff94dc20e1a5d39f9dd60391,False,,1280,720,23.98,94,3.92,True,train
vid_0014,barbell biceps curl_21.mp4,Dataset/Dataset2/final_kaggle_with_additional_video/barbell biceps curl/barbell biceps curl_21.mp4,final_kaggle_with_additional_video,primary_training,bicep_curl,2418586,6dae1cba1bf4472ea68998dce201d55e6b1c9c77948b786732330d84ae123ac6,False,,1280,720,23.98,120,5.0,True,test
vid_0015,barbell biceps curl_22.mp4,Dataset/Dataset2/final_kaggle_with_additional_video/barbell biceps curl/barbell biceps curl_22.mp4,final_kaggle_with_additional_video,primary_training,bicep_curl,1276029,2db8acd7934c54e0a46a04e15d056a0bc403611407aef507145de6be7218d09a,False,,1280,720,23.98,70,2.92,True,train
vid_0016,barbell biceps curl_23.mp4,Dataset/Dataset2/final_kaggle_with_additional_video/barbell biceps curl/barbell biceps curl_23.mp4,final_kaggle_with_additional_video,primary_training,bicep_curl,300620,c9657f21c1120a43ab1ee9f2d9ee6253519570eaaf264c4eef8f868d5a883094,False,,1920,1080,29.97,70,2.34,True,test
vid_0017,barbell biceps curl_24.mp4,Dataset/Dataset2/final_kaggle_with_additional_video/barbell biceps curl/barbell biceps curl_24.mp4,final_kaggle_with_additional_video,primary_training,bicep_curl,357676,e7703e36ef1d60881befbcba10b9de04df0025dcb543b75120a33acdae806435,False,,1920,1080,29.97,84,2.8,True,train
vid_0018,barbell biceps curl_25.mp4,Dataset/Dataset2/final_kaggle_with_additional_video/barbell biceps curl/barbell biceps curl_25.mp4,final_kaggle_with_additional_video,primary_training,bicep_curl,332434,ac3f317b8602eb08c8420c23b722bff9d87f901859a61c2c46df6f6c7788b387,False,,1920,1080,29.97,78,2.6,True,train
vid_0019,barbell biceps curl_3.mp4,Dataset/Dataset2/final_kaggle_with_additional_video/barbell biceps curl/barbell biceps curl_3.mp4,final_kaggle_with_additional_video,primary_training,bicep_curl,316318,4de9880450b3d08907a1ed4073d1e1a91be8dd44c8e23d3db9c11fd8125db886,False,,1920,1080,29.97,73,2.44,True,train
vid_0020,barbell biceps curl_4.mp4,Dataset/Dataset2/final_kaggle_with_additional_video/barbell biceps curl/barbell biceps curl_4.mp4,final_kaggle_with_additional_video,primary_training,bicep_curl,230818,b192b604ec5b16e593839be74790a2470594df59f47c80f0f216af7106197098,False,,1920,1080,29.97,53,1.77,True,train
vid_0021,barbell biceps curl_5.mp4,Dataset/Dataset2/final_kaggle_with_additional_video/barbell biceps curl/barbell biceps curl_5.mp4,final_kaggle_with_additional_video,primary_training,bicep_curl,366436,e8365a530d23a5ab3654182ffe1619e32367a48ee1a55168c6494e9065633910,False,,1920,1080,29.97,82,2.74,True,train
vid_0022,barbell biceps curl_6.mp4,Dataset/Dataset2/final_kaggle_with_additional_video/barbell biceps curl/barbell biceps curl_6.mp4,final_kaggle_with_additional_video,primary_training,bicep_curl,343086,11fa0c4784192b5858760f82a756d5f4a9266e8abe502069b3c8a2866a69be66,False,,1920,1080,29.97,80,2.67,True,test
vid_0023,barbell biceps curl_7.mp4,Dataset/Dataset2/final_kaggle_with_additional_video/barbell biceps curl/barbell biceps curl_7.mp4,final_kaggle_with_additional_video,primary_training,bicep_curl,587529,992a828b7f0145d36ad89781a88ee3d96320019f5bb65766fc89aaff01dd8290,False,,1920,1080,29.97,138,4.6,True,train
vid_0024,barbell biceps curl_8.mp4,Dataset/Dataset2/final_kaggle_with_additional_video/barbell biceps curl/barbell biceps curl_8.mp4,final_kaggle_with_additional_video,primary_training,bicep_curl,420483,89bfe4acf23f052bebdc31c78bccc9e358c18c3e6f7eae3816e4958397f81f47,False,,1920,1080,29.97,98,3.27,True,train
vid_0025,barbell biceps curl_9.mp4,Dataset/Dataset2/final_kaggle_with_additional_video/barbell biceps curl/barbell biceps curl_9.mp4,final_kaggle_with_additional_video,primary_training,bicep_curl,308718,3d1bc54ef2f3a5282fccf8f6e6851a427759d109291726dcb9e85077e33b731e,False,,1920,1080,29.97,72,2.4,True,train
vid_0026,push-up_1.mp4,Dataset/Dataset2/final_kaggle_with_additional_video/push-up/push-up_1.mp4,final_kaggle_with_additional_video,primary_training,push_up,635823,fcc9808422009509c1a6d6a2b131dfe775066eddfa65d48dfecf7d1c842d74de,False,,1920,1080,29.97,150,5.0,True,test
vid_0027,push-up_10.mp4,Dataset/Dataset2/final_kaggle_with_additional_video/push-up/push-up_10.mp4,final_kaggle_with_additional_video,primary_training,push_up,635135,77d7b964fbc9d18748d8ef398399b945c8ad4ca866e1ec2f0e7aaf537520f1bc,False,,1920,1080,29.97,150,5.0,True,test
vid_0028,push-up_11.mp4,Dataset/Dataset2/final_kaggle_with_additional_video/push-up/push-up_11.mp4,final_kaggle_with_additional_video,primary_training,push_up,457686,85d67d7b7edf6c52be616b85baa9435ca2d8b74f21cc4d3f5d792c52c63de941,False,,1920,1080,29.97,108,3.6,True,train
vid_0029,push-up_12.mp4,Dataset/Dataset2/final_kaggle_with_additional_video/push-up/push-up_12.mp4,final_kaggle_with_additional_video,primary_training,push_up,637012,b0ac6e48f5c222680eb2ec815d7828c5939e2332b952b3e9cf8395ccd76ce7f1,False,,1920,1080,29.97,150,5.0,True,val
vid_0030,push-up_13.mp4,Dataset/Dataset2/final_kaggle_with_additional_video/push-up/push-up_13.mp4,final_kaggle_with_additional_video,primary_training,push_up,612547,5709bd9c7388c50adadeaa62c0434f43c3f3d052f075326036c68e71fed06b99,False,,1920,1080,29.97,145,4.84,True,train
vid_0031,push-up_14.mp4,Dataset/Dataset2/final_kaggle_with_additional_video/push-up/push-up_14.mp4,final_kaggle_with_additional_video,primary_training,push_up,636101,2860c0bcf2fda90bd9b3fb9f7e20979d2ec7ae78f578306584b06036294513cc,False,,1920,1080,29.97,150,5.0,True,val
vid_0032,push-up_15.mp4,Dataset/Dataset2/final_kaggle_with_additional_video/push-up/push-up_15.mp4,final_kaggle_with_additional_video,primary_training,push_up,642771,858b101ff1c5a0d6983d26c7b57bab582a2a3759d6550e39f7333c81cd9dabfc,False,,1920,1080,29.97,150,5.0,True,train
vid_0033,push-up_16.mp4,Dataset/Dataset2/final_kaggle_with_additional_video/push-up/push-up_16.mp4,final_kaggle_with_additional_video,primary_training,push_up,592131,751aed22ad4dd2c62a7d68e58376880d0d11a7b0e2262eeaa9378471083c3c1f,False,,1920,1080,29.97,140,4.67,True,train
vid_0034,push-up_17.mp4,Dataset/Dataset2/final_kaggle_with_additional_video/push-up/push-up_17.mp4,final_kaggle_with_additional_video,primary_training,push_up,643841,566dff73bab07956ab9c1e748cd552b52c4bd0e82211268588849c5c78d8f047,False,,1920,1080,29.97,150,5.0,True,train
vid_0035,push-up_18.mp4,Dataset/Dataset2/final_kaggle_with_additional_video/push-up/push-up_18.mp4,final_kaggle_with_additional_video,primary_training,push_up,642652,1cb6d1ccea7d6a63f6238dcd1f1d75d266f82a17ae825f7997d6ca740c7bfdb0,False,,1920,1080,29.97,150,5.0,True,train
vid_0036,push-up_19.mp4,Dataset/Dataset2/final_kaggle_with_additional_video/push-up/push-up_19.mp4,final_kaggle_with_additional_video,primary_training,push_up,639385,4c2af0d347e5a92710c8514bed594399d2739e65c2822f4e761b8d621f1a50d8,False,,1920,1080,29.97,150,5.0,True,val
vid_0037,push-up_2.mp4,Dataset/Dataset2/final_kaggle_with_additional_video/push-up/push-up_2.mp4,final_kaggle_with_additional_video,primary_training,push_up,642232,71888b2476e1001012f17eba1a9d31a631212a919687b25e30cbffeb360f8b45,False,,1920,1080,29.97,150,5.0,True,train
vid_0038,push-up_20.mp4,Dataset/Dataset2/final_kaggle_with_additional_video/push-up/push-up_20.mp4,final_kaggle_with_additional_video,primary_training,push_up,348911,5559e4bcf1a315889217eae26641646ff280132aa6bc0d0eb87544ae7146db12,False,,1920,1080,29.97,82,2.74,True,train
vid_0039,push-up_21.mp4,Dataset/Dataset2/final_kaggle_with_additional_video/push-up/push-up_21.mp4,final_kaggle_with_additional_video,primary_training,push_up,477723,f13919340b3d6cac4d2e66b152dba48aab2cc052a53a9bf29374a6ba1ae064a6,False,,1920,1080,29.97,113,3.77,True,train
vid_0040,push-up_22.mp4,Dataset/Dataset2/final_kaggle_with_additional_video/push-up/push-up_22.mp4,final_kaggle_with_additional_video,primary_training,push_up,643042,6496bb8e384a951b3073b6fe1743d8899e0fdefb7a07a2e4c62d6811a94fceec,False,,1920,1080,29.97,150,5.0,True,train
vid_0041,push-up_23.mp4,Dataset/Dataset2/final_kaggle_with_additional_video/push-up/push-up_23.mp4,final_kaggle_with_additional_video,primary_training,push_up,488554,ebe770f988b12e1e093d7cab5b3c8ca0a1866f593e26b8d4c500d22ccb1cfc52,False,,1920,1080,29.97,116,3.87,True,train
vid_0042,push-up_24.mp4,Dataset/Dataset2/final_kaggle_with_additional_video/push-up/push-up_24.mp4,final_kaggle_with_additional_video,primary_training,push_up,540764,5a88a41b02bffc78556c607e55ba4d06a3c8550ce81045a8bca4be34e4a88163,False,,1920,1080,29.97,126,4.2,True,train
vid_0043,push-up_25.mp4,Dataset/Dataset2/final_kaggle_with_additional_video/push-up/push-up_25.mp4,final_kaggle_with_additional_video,primary_training,push_up,415602,5a0b35ece651be6b39f0736fc09a0a351e66271a8baf829872e4141e329108f5,False,,1920,1080,29.97,98,3.27,True,train
vid_0044,push-up_3.mp4,Dataset/Dataset2/final_kaggle_with_additional_video/push-up/push-up_3.mp4,final_kaggle_with_additional_video,primary_training,push_up,640915,bc85bcb29707501852fb8ad595df3e92a5a1edeb45768aa67efa9531bf55d40b,False,,1920,1080,29.97,150,5.0,True,test
vid_0045,push-up_4.mp4,Dataset/Dataset2/final_kaggle_with_additional_video/push-up/push-up_4.mp4,final_kaggle_with_additional_video,primary_training,push_up,637176,118bb5c7a974d067a381858b272dd5ec19600622cb342e78eadefff2425a4dd0,False,,1920,1080,29.97,150,5.0,True,train
vid_0046,push-up_5.mp4,Dataset/Dataset2/final_kaggle_with_additional_video/push-up/push-up_5.mp4,final_kaggle_with_additional_video,primary_training,push_up,637905,f6f9e42b1c414c5660ad8b33fcc4b14f5879ec51ea29badf2fc3a459a59a0148,False,,1920,1080,29.97,150,5.0,True,train
vid_0047,push-up_6.mp4,Dataset/Dataset2/final_kaggle_with_additional_video/push-up/push-up_6.mp4,final_kaggle_with_additional_video,primary_training,push_up,638874,82623a3da0b8255ee8a3dc07ea68b4d5882bceb6b355b264930ffe97a25dd61f,False,,1920,1080,29.97,150,5.0,True,train
vid_0048,push-up_7.mp4,Dataset/Dataset2/final_kaggle_with_additional_video/push-up/push-up_7.mp4,final_kaggle_with_additional_video,primary_training,push_up,640588,8902d7b1aa81492fde8103f173e29a9a73f67990f028f24f987851ad858ac895,False,,1920,1080,29.97,150,5.0,True,val
vid_0049,push-up_8.mp4,Dataset/Dataset2/final_kaggle_with_additional_video/push-up/push-up_8.mp4,final_kaggle_with_additional_video,primary_training,push_up,639188,ac6c0a8b362a1c9c562e4f7aad81aa5bc57c7f6ed53deedf05390d15126cac7d,False,,1920,1080,29.97,150,5.0,True,train
vid_0050,push-up_9.mp4,Dataset/Dataset2/final_kaggle_with_additional_video/push-up/push-up_9.mp4,final_kaggle_with_additional_video,primary_training,push_up,640432,3d6d132aed48e28c81ec846a6f8a544b725050d2c909414a75073ef1a161788a,False,,1920,1080,29.97,150,5.0,True,train
vid_0051,shoulder press_1.mp4,Dataset/Dataset2/final_kaggle_with_additional_video/shoulder press/shoulder press_1.mp4,final_kaggle_with_additional_video,primary_training,shoulder_press,5332355,7537a173c349a7f189220f61de86534b3832c45fa6183baea32a9c5fc32ae5e6,False,,1280,720,29.97,438,14.61,True,train
vid_0052,shoulder press_10.mp4,Dataset/Dataset2/final_kaggle_with_additional_video/shoulder press/shoulder press_10.mp4,final_kaggle_with_additional_video,primary_training,shoulder_press,6753325,5a5ac9ed73274cc73f74c64ea6a0f0ab4867669cdaa857205892e1b339590c76,False,,640,360,29.97,384,12.81,True,train
vid_0053,shoulder press_11.mp4,Dataset/Dataset2/final_kaggle_with_additional_video/shoulder press/shoulder press_11.mp4,final_kaggle_with_additional_video,primary_training,shoulder_press,3902993,82d69aa5aff89d004e97d7c8c5b7f48a4a33f7cf62be081477f65f87f33a69b6,False,,640,360,29.97,210,7.01,True,val
vid_0054,shoulder press_12.mp4,Dataset/Dataset2/final_kaggle_with_additional_video/shoulder press/shoulder press_12.mp4,final_kaggle_with_additional_video,primary_training,shoulder_press,4760451,0d82ae081b544be1b14de59693e900be86e1fb6697c5efc0206591a5c54fc15e,False,,640,360,29.97,272,9.08,True,val
vid_0055,shoulder press_13.mp4,Dataset/Dataset2/final_kaggle_with_additional_video/shoulder press/shoulder press_13.mp4,final_kaggle_with_additional_video,primary_training,shoulder_press,3644697,f23bf35f3fd87bff92ee91239ce952532f6a8b40dc79e99e83a9f3b959b718ca,False,,640,360,29.97,204,6.81,True,test
vid_0056,shoulder press_14.mp4,Dataset/Dataset2/final_kaggle_with_additional_video/shoulder press/shoulder press_14.mp4,final_kaggle_with_additional_video,primary_training,shoulder_press,3178175,ea274df21168b5aa00833f63e6bae4e3062fc86d75a11dd342f4c046020f23e5,False,,640,360,29.97,183,6.11,True,train
vid_0057,shoulder press_15.mp4,Dataset/Dataset2/final_kaggle_with_additional_video/shoulder press/shoulder press_15.mp4,final_kaggle_with_additional_video,primary_training,shoulder_press,5644624,3c5045690c1e045a146fa2c63f2d8cd55f97ce5a0a887cf12cc2cb6f1702bdfa,False,,1280,720,30.0,288,9.6,True,train
vid_0058,shoulder press_16.mp4,Dataset/Dataset2/final_kaggle_with_additional_video/shoulder press/shoulder press_16.mp4,final_kaggle_with_additional_video,primary_training,shoulder_press,7310146,7e08d6c6e1d092b47198795611250e4b555e3c7f5dbe1ac82f44b8df7725fbac,False,,1280,720,30.0,312,10.4,True,train
vid_0059,shoulder press_17.mp4,Dataset/Dataset2/final_kaggle_with_additional_video/shoulder press/shoulder press_17.mp4,final_kaggle_with_additional_video,primary_training,shoulder_press,7727134,fe7e8ce6ebfa33064dd5e60e2bf6fe4a94a8549eb6a87fade4482aa533293376,False,,1280,720,23.98,249,10.39,True,test
vid_0060,shoulder press_18.mp4,Dataset/Dataset2/final_kaggle_with_additional_video/shoulder press/shoulder press_18.mp4,final_kaggle_with_additional_video,primary_training,shoulder_press,725697,ad7cff710802a7c21da430305f74d6122b33f0fe9f37a1c5f963efa18380c79e,False,,640,360,25.0,233,9.32,True,test
vid_0061,shoulder press_19.MOV,Dataset/Dataset2/final_kaggle_with_additional_video/shoulder press/shoulder press_19.MOV,final_kaggle_with_additional_video,primary_training,shoulder_press,74479189,949f973e10c07fe2f49b42d90ea9055d25e1ea16eee77da76c63733ba0b41657,False,,1920,1080,29.97,585,19.52,True,train
vid_0062,shoulder press_2.mp4,Dataset/Dataset2/final_kaggle_with_additional_video/shoulder press/shoulder press_2.mp4,final_kaggle_with_additional_video,primary_training,shoulder_press,1059806,8d0093cde8b8b8f5b41686adc047d9fb5efd957466757c510f4505d16d462091,False,,640,360,25.0,233,9.32,True,train
vid_0063,shoulder press_20.MOV,Dataset/Dataset2/final_kaggle_with_additional_video/shoulder press/shoulder press_20.MOV,final_kaggle_with_additional_video,primary_training,shoulder_press,65393361,096ba2e57d1e69994acbf121fb5b3209599bd66ac4e1035b160bed9d5a0cf4ff,False,,1920,1080,29.97,513,17.12,True,train
vid_0064,shoulder press_21.mov,Dataset/Dataset2/final_kaggle_with_additional_video/shoulder press/shoulder press_21.mov,final_kaggle_with_additional_video,primary_training,shoulder_press,7523060,1c8a9a30b5cbe1c6779ba150e92eed8b261e533b38421e21df7c732a38c63d4d,False,,1280,720,29.97,603,20.12,True,train
vid_0065,shoulder press_22.mp4,Dataset/Dataset2/final_kaggle_with_additional_video/shoulder press/shoulder press_22.mp4,final_kaggle_with_additional_video,primary_training,shoulder_press,607691,9845c12fcb694e0c6a32ffa7f83f9220e46a2659f8f348c300e0a454ecc3882e,False,,640,360,29.97,430,14.35,True,train
vid_0066,shoulder press_23.mp4,Dataset/Dataset2/final_kaggle_with_additional_video/shoulder press/shoulder press_23.mp4,final_kaggle_with_additional_video,primary_training,shoulder_press,1338571,52dd66d652ed2b615a0fe77d8c06d827f2461ea55165b77f3d3eb53dd02597a7,False,,640,360,29.97,389,12.98,True,val
vid_0067,shoulder press_24.mp4,Dataset/Dataset2/final_kaggle_with_additional_video/shoulder press/shoulder press_24.mp4,final_kaggle_with_additional_video,primary_training,shoulder_press,3252732,4b381c20e370707638ef773e7a6aa06e9405437fcb4b36d71c01c39f5e877457,False,,640,360,25.0,492,19.68,True,val
vid_0068,shoulder press_25.mp4,Dataset/Dataset2/final_kaggle_with_additional_video/shoulder press/shoulder press_25.mp4,final_kaggle_with_additional_video,primary_training,shoulder_press,725697,ad7cff710802a7c21da430305f74d6122b33f0fe9f37a1c5f963efa18380c79e,True,Identical file content with Dataset\Dataset2\final_kaggle_with_additional_video\shoulder press\shoulder press_18.mp4,640,360,25.0,233,9.32,True,excluded
vid_0069,shoulder press_3.MOV,Dataset/Dataset2/final_kaggle_with_additional_video/shoulder press/shoulder press_3.MOV,final_kaggle_with_additional_video,primary_training,shoulder_press,45937856,f15f0e54436c460dd84111eba8c30bd6768586f0f0f662b10c0d8fe91c1b5a50,False,,1920,1080,29.97,396,13.21,True,train
vid_0070,shoulder press_4.MOV,Dataset/Dataset2/final_kaggle_with_additional_video/shoulder press/shoulder press_4.MOV,final_kaggle_with_additional_video,primary_training,shoulder_press,53886217,79de9ed509c8fa5f7fb6817479782c4d3aa3385cf21f232d5c1dd2bbe4da6e8e,False,,1920,1080,29.98,420,14.01,True,train
vid_0071,shoulder press_5.mp4,Dataset/Dataset2/final_kaggle_with_additional_video/shoulder press/shoulder press_5.mp4,final_kaggle_with_additional_video,primary_training,shoulder_press,8614244,b6b24a2211fd79a2239bc90faa3b7a2272c710d492341d156fae289739fa2171,False,,1280,720,24.0,292,12.17,True,train
vid_0072,shoulder press_6.mp4,Dataset/Dataset2/final_kaggle_with_additional_video/shoulder press/shoulder press_6.mp4,final_kaggle_with_additional_video,primary_training,shoulder_press,3755079,84c2c233ae193f1ef1858fe45755775cd12655d3c56d54cdda0da6af2368c096,False,,1280,720,29.97,156,5.21,True,test
vid_0073,shoulder press_7.mp4,Dataset/Dataset2/final_kaggle_with_additional_video/shoulder press/shoulder press_7.mp4,final_kaggle_with_additional_video,primary_training,shoulder_press,7491881,8b171534e235d72fb62f1a6196935b22ba158b73bd9db47a0278c869638550ba,False,,1280,720,29.97,315,10.51,True,train
vid_0074,shoulder press_8.mp4,Dataset/Dataset2/final_kaggle_with_additional_video/shoulder press/shoulder press_8.mp4,final_kaggle_with_additional_video,primary_training,shoulder_press,3580142,8e5f49a4298dc6845327c8b50261b0e978cafe63c6fd50bfbd1e89a4de5cdf6e,False,,1280,720,25.0,118,4.72,True,train
vid_0075,shoulder press_9.mp4,Dataset/Dataset2/final_kaggle_with_additional_video/shoulder press/shoulder press_9.mp4,final_kaggle_with_additional_video,primary_training,shoulder_press,7599356,c500e4d057b54cf55c159c345e398f576d4b51e3a342bc14433e3cdef00030a0,False,,1280,720,25.0,270,10.8,True,test
vid_0076,squat_1.MOV,Dataset/Dataset2/final_kaggle_with_additional_video/squat/squat_1.MOV,final_kaggle_with_additional_video,primary_training,squat,64504070,d9e4d6186a372d7983fb8a3d6450465d68ffc0838ab861c9f23f8404d64c5442,False,,1920,1080,29.97,587,19.58,True,train
vid_0077,squat_10.mp4,Dataset/Dataset2/final_kaggle_with_additional_video/squat/squat_10.mp4,final_kaggle_with_additional_video,primary_training,squat,4376853,42c0bc2d486d6307db2cd820ec6fddb43247e75112b8b885120f1eb3ab67b7ff,False,,1280,720,23.98,175,7.3,True,test
vid_0078,squat_11.mp4,Dataset/Dataset2/final_kaggle_with_additional_video/squat/squat_11.mp4,final_kaggle_with_additional_video,primary_training,squat,4172352,c3a1a28a868b7dc24259166006bea1982089cdfb1da7b135ecb157543b4bf687,False,,1280,720,23.98,144,6.01,True,train
vid_0079,squat_12.mp4,Dataset/Dataset2/final_kaggle_with_additional_video/squat/squat_12.mp4,final_kaggle_with_additional_video,primary_training,squat,3291481,b5f43663f02586a4a9af87968e69f50ddee5156c909845ff676362bc0848becf,False,,1280,720,23.98,113,4.71,True,test
vid_0080,squat_13.mp4,Dataset/Dataset2/final_kaggle_with_additional_video/squat/squat_13.mp4,final_kaggle_with_additional_video,primary_training,squat,1274734,0fa0d7391f45c2202f08c6d23603e6bfb7846ff86cea8b3685ad60b49c696dba,False,,596,336,23.98,277,11.55,True,train
vid_0081,squat_14.mp4,Dataset/Dataset2/final_kaggle_with_additional_video/squat/squat_14.mp4,final_kaggle_with_additional_video,primary_training,squat,2539162,d7c22cab4eba0f836144b50635adc0a0109b598d346c127de9370986a0c9484e,False,,1280,720,23.98,101,4.21,True,train
vid_0082,squat_15.mp4,Dataset/Dataset2/final_kaggle_with_additional_video/squat/squat_15.mp4,final_kaggle_with_additional_video,primary_training,squat,6881795,39a28d12d2dd41835e598e093408943eb2f3934b18d13d0835b895d7f2d1adc0,False,,1280,720,23.98,280,11.68,True,val
vid_0083,squat_16.mp4,Dataset/Dataset2/final_kaggle_with_additional_video/squat/squat_16.mp4,final_kaggle_with_additional_video,primary_training,squat,1469564,f7b855d1423c99e7302dcfc6c7c5d351b88462e26ad753727a17d8e5412649d8,False,,1280,720,23.98,47,1.96,True,val
vid_0084,squat_17.mp4,Dataset/Dataset2/final_kaggle_with_additional_video/squat/squat_17.mp4,final_kaggle_with_additional_video,primary_training,squat,1798770,5efc49addf88e5a81ef7060614a5e45821fcdc0f63b1ed9b7ab57ef26a878458,False,,1280,720,25.0,110,4.4,True,test
vid_0085,squat_18.mp4,Dataset/Dataset2/final_kaggle_with_additional_video/squat/squat_18.mp4,final_kaggle_with_additional_video,primary_training,squat,1592216,3dee46c8c7fc82e6e21d2955c7990a4d84238481555978ab255da04e2c5c4570,False,,1280,720,25.0,93,3.72,True,train
vid_0086,squat_19.mp4,Dataset/Dataset2/final_kaggle_with_additional_video/squat/squat_19.mp4,final_kaggle_with_additional_video,primary_training,squat,2457925,5326eb9ce992634db62ccd770c5e1a745978b93c0f3d90d4a576e8dcc932033d,False,,1280,720,25.0,143,5.72,True,train
vid_0087,squat_2.MOV,Dataset/Dataset2/final_kaggle_with_additional_video/squat/squat_2.MOV,final_kaggle_with_additional_video,primary_training,squat,47479850,4f8f1f238e08f86b44ac36b68dac9a88d3c264db63250f33f9ca0678c06170e6,False,,1920,1080,29.97,430,14.35,True,train
vid_0088,squat_20.mp4,Dataset/Dataset2/final_kaggle_with_additional_video/squat/squat_20.mp4,final_kaggle_with_additional_video,primary_training,squat,5869719,9613600dd6d7011d5cf6feae09f6fe50b8df344e256e201c9bab4273a21f5140,False,,1280,720,29.97,233,7.77,True,train
vid_0089,squat_21.mp4,Dataset/Dataset2/final_kaggle_with_additional_video/squat/squat_21.mp4,final_kaggle_with_additional_video,primary_training,squat,1141895,4e49a014a57a59dcc258d6535e61e812f2d534094aa3c2599435a74601ef73e8,False,,640,360,25.0,274,10.96,True,test
vid_0090,squat_22.mp4,Dataset/Dataset2/final_kaggle_with_additional_video/squat/squat_22.mp4,final_kaggle_with_additional_video,primary_training,squat,9133127,6753232b83e41f573c67667b13b8c5e82112f252b267333c8d224cfe4d011770,False,,1280,720,29.97,378,12.61,True,train
vid_0091,squat_23.mp4,Dataset/Dataset2/final_kaggle_with_additional_video/squat/squat_23.mp4,final_kaggle_with_additional_video,primary_training,squat,9194204,f016fa893fe58d876b9d68ba6af6e2e4b91629b81e180f0a8664bae1ef489ca5,False,,1280,720,29.97,432,14.41,True,train
vid_0092,squat_24.mp4,Dataset/Dataset2/final_kaggle_with_additional_video/squat/squat_24.mp4,final_kaggle_with_additional_video,primary_training,squat,15411486,d73e9df27a368d4fd79b24f6113bfa674ded459999308fdff5c80e2469ad98af,False,,1280,720,29.97,647,21.59,True,val
vid_0093,squat_25.mp4,Dataset/Dataset2/final_kaggle_with_additional_video/squat/squat_25.mp4,final_kaggle_with_additional_video,primary_training,squat,8020440,de8c5053dd896b1d48dd021b16d8962dce1af90339dcfb3f62b532e1c6a345de,False,,1280,720,29.97,368,12.28,True,train
vid_0094,squat_3.MOV,Dataset/Dataset2/final_kaggle_with_additional_video/squat/squat_3.MOV,final_kaggle_with_additional_video,primary_training,squat,63872296,71e34419711a86076c9e0a0181f5662b5c31a6816e9073a303a4c9a4fcedb9c7,False,,1920,1080,29.97,639,21.32,True,train
vid_0095,squat_4.MOV,Dataset/Dataset2/final_kaggle_with_additional_video/squat/squat_4.MOV,final_kaggle_with_additional_video,primary_training,squat,65781931,0b2357f0ac645f2786428a9a80ec820afc5d92048f7c632d18f3a7e444a994ab,False,,1920,1080,29.97,600,20.02,True,test
vid_0096,squat_5.MOV,Dataset/Dataset2/final_kaggle_with_additional_video/squat/squat_5.MOV,final_kaggle_with_additional_video,primary_training,squat,59539790,2c09be17f8070d2c59f52ab2166d309fe4f481a130ad916387393556c81051f2,False,,1920,1080,29.97,656,21.89,True,train
vid_0097,squat_6.MOV,Dataset/Dataset2/final_kaggle_with_additional_video/squat/squat_6.MOV,final_kaggle_with_additional_video,primary_training,squat,69187980,d026be46cea741493a1e723e37aa90cd9c1f884a04d14698b0327a3dd682f834,False,,1920,1080,29.97,664,22.15,True,train
vid_0098,squat_7.mp4,Dataset/Dataset2/final_kaggle_with_additional_video/squat/squat_7.mp4,final_kaggle_with_additional_video,primary_training,squat,526484,1042941d77f3a92b4494cf51bd1fe0254b1a69f81fcef7c45936563a57ec4413,False,,640,360,25.0,237,9.48,True,train
vid_0099,squat_8.mp4,Dataset/Dataset2/final_kaggle_with_additional_video/squat/squat_8.mp4,final_kaggle_with_additional_video,primary_training,squat,1529071,3691f613cc0eb0eb84e248fe45c40f736f979111dfe5eddb6699c353dff63b47,False,,640,360,25.0,360,14.4,True,train
vid_0100,squat_9.mp4,Dataset/Dataset2/final_kaggle_with_additional_video/squat/squat_9.mp4,final_kaggle_with_additional_video,primary_training,squat,606514,df86effd4892c833c1d99cfd50d457108fe842e5450ef94fabdc357796e0b5f7,False,,640,360,25.0,338,13.52,True,test
vid_0101,0d402adf-578c-4c26-ba50-3b28a6f0e648.mp4,Dataset/Dataset2/similar_dataset/barbell biceps curl/0d402adf-578c-4c26-ba50-3b28a6f0e648.mp4,similar_dataset,supplementary,bicep_curl,33591534,40ae8e8ca0e16b63d57e1737e3912a8df58da60cecc596a1b614756ef87b22c9,False,,3840,2026,23.98,258,10.76,True,test
vid_0102,1a3e6f0d-fb99-4e4d-b80f-831c7f38aca9.mp4,Dataset/Dataset2/similar_dataset/barbell biceps curl/1a3e6f0d-fb99-4e4d-b80f-831c7f38aca9.mp4,similar_dataset,supplementary,bicep_curl,986265,66af562c00ca08367dfa8fc91c8041127937f908ff27fb05d271021c2b0a9364,False,,1280,720,23.98,240,10.01,True,train
vid_0103,27d82bac-ce83-4f91-a381-c11dd0bf6932.mp4,Dataset/Dataset2/similar_dataset/barbell biceps curl/27d82bac-ce83-4f91-a381-c11dd0bf6932.mp4,similar_dataset,supplementary,bicep_curl,1018940,55436a6105ec347e3d66fe40c0220fab943d9d4f67bb91d9abcbb3a63690a576,False,,1280,720,30.0,300,10.0,True,test
vid_0104,3f034ee8-792b-4646-8746-c0dbbf6e5b50.mp4,Dataset/Dataset2/similar_dataset/barbell biceps curl/3f034ee8-792b-4646-8746-c0dbbf6e5b50.mp4,similar_dataset,supplementary,bicep_curl,461745,53f0855d1912e059b089150965757d69309cdbe8b38525766cf217dacbd67c47,False,,1280,720,29.97,300,10.01,True,test
vid_0105,6933f339-2ee5-4e59-9031-8bfee0f6e900.mp4,Dataset/Dataset2/similar_dataset/barbell biceps curl/6933f339-2ee5-4e59-9031-8bfee0f6e900.mp4,similar_dataset,supplementary,bicep_curl,6992418,60e82f2e5bbeccd8179071efec99cb002a4d417abb80d78580725042d10b4d72,False,,720,1280,29.92,357,11.93,True,val
vid_0106,72fb4cb4-ecad-44df-a0e1-5e4f4b581f9e.mp4,Dataset/Dataset2/similar_dataset/barbell biceps curl/72fb4cb4-ecad-44df-a0e1-5e4f4b581f9e.mp4,similar_dataset,supplementary,bicep_curl,817110,124ab7740374016ba9d7d4dc81ad1a488f4ff380de48ca5031ec29184971933b,False,,1280,720,23.98,192,8.01,True,train
vid_0107,89b99b36-5491-4bc6-952c-53a67b889b62.mp4,Dataset/Dataset2/similar_dataset/barbell biceps curl/89b99b36-5491-4bc6-952c-53a67b889b62.mp4,similar_dataset,supplementary,bicep_curl,3413603,3b0914e5c7ad410cbf9a5b25ee345c2f2a3cc5a9aac2a678876ca221b567937a,False,,1440,1080,29.97,300,10.01,True,train
vid_0108,ac696ae8-e815-4f5f-bd32-864e2477e3ce.mp4,Dataset/Dataset2/similar_dataset/barbell biceps curl/ac696ae8-e815-4f5f-bd32-864e2477e3ce.mp4,similar_dataset,supplementary,bicep_curl,4403168,90f7dce26e3dbc8e2dc9e624c2af57da55e60aa769ff96c7e4ea301c2de16c89,False,,1920,1080,24.0,192,8.0,True,train
vid_0109,f20150e2-f6e1-41e9-ab13-9d1e42599bba.mp4,Dataset/Dataset2/similar_dataset/barbell biceps curl/f20150e2-f6e1-41e9-ab13-9d1e42599bba.mp4,similar_dataset,supplementary,bicep_curl,3043569,ca2e0c7b09980c2f264a9c044a7071102071852307a2e9eb8c4853d903318fef,False,,1280,720,30.0,300,10.0,True,train
vid_0110,f32c33d2-e298-499a-a61e-7236d6f1ba64.mp4,Dataset/Dataset2/similar_dataset/barbell biceps curl/f32c33d2-e298-499a-a61e-7236d6f1ba64.mp4,similar_dataset,supplementary,bicep_curl,916625,5912ccb99683d4b6637e35373cb6081b6a27e979642c26ee88678bc67049f060,False,,1280,720,30.0,270,9.0,True,train
vid_0111,f9d9d0bb-7286-4074-8d3c-e73d4072ad79.mp4,Dataset/Dataset2/similar_dataset/barbell biceps curl/f9d9d0bb-7286-4074-8d3c-e73d4072ad79.mp4,similar_dataset,supplementary,bicep_curl,1845190,c31305d5b1a8bb0d99f5fc57f8c863a5ab4589d59f0e3eb36995861b8ca1ec71,False,,1080,1920,24.08,242,10.05,True,val
vid_0112,hammer curl_1.MOV,Dataset/Dataset2/similar_dataset/barbell biceps curl/hammer curl_1.MOV,similar_dataset,supplementary,bicep_curl,43480863,8e7d27c67150e4dfe3b849b383628824325162a18da17f9ea06454403de4660b,False,,1080,1920,29.97,394,13.14,True,test
vid_0113,hammer curl_10.mp4,Dataset/Dataset2/similar_dataset/barbell biceps curl/hammer curl_10.mp4,similar_dataset,supplementary,bicep_curl,2240577,ff91f2c89f235e7acabf8011d091e666d85825d4e75fcff0a106248fa2698378,False,,1280,720,30.0,84,2.8,True,train
vid_0114,hammer curl_4.MOV,Dataset/Dataset2/similar_dataset/barbell biceps curl/hammer curl_4.MOV,similar_dataset,supplementary,bicep_curl,48448659,0712d4c24c271f5d17af8dc29ff02b0fc4cc3220a706ca917a5b34f6e6f776a0,False,,1920,1080,29.97,439,14.65,True,train
vid_0115,hammer curl_5.MOV,Dataset/Dataset2/similar_dataset/barbell biceps curl/hammer curl_5.MOV,similar_dataset,supplementary,bicep_curl,44796747,31672142949f8d20c237df39501a82380549ec059218411257a54b2e627c9fdb,False,,1920,1080,29.97,430,14.35,True,train
vid_0116,hammer curl_8.mp4,Dataset/Dataset2/similar_dataset/barbell biceps curl/hammer curl_8.mp4,similar_dataset,supplementary,bicep_curl,6449307,61095e013ce8d1ce6e42f23b24fc21bb8f7e3f9e360871e3510d5dfa737e9955,False,,1280,720,30.0,249,8.3,True,train
vid_0117,notsure (2).mp4,Dataset/Dataset2/similar_dataset/barbell biceps curl/notsure (2).mp4,similar_dataset,supplementary,bicep_curl,2038743,095411cc6a4e27f71ca172589376f66581523fa9f8396f2e0d1efa8affd29a4e,False,,1920,1080,23.0,230,10.0,True,val
vid_0118,notsure.mp4,Dataset/Dataset2/similar_dataset/barbell biceps curl/notsure.mp4,similar_dataset,supplementary,bicep_curl,2885012,71caf4cf021e56e684d6b70a6f191d96115a9f941bd5b7279038bd932430b243,False,,1920,1080,29.97,300,10.01,True,val
vid_0119,01b09356-3985-474f-827f-20c79cfcda78.mp4,Dataset/Dataset2/similar_dataset/push-up/01b09356-3985-474f-827f-20c79cfcda78.mp4,similar_dataset,supplementary,push_up,2971255,5396e180e4b77626e8e9f19eb5a835928411c44be8304143d67247f6c292b3e7,False,,1920,1080,55.0,550,10.0,True,test
vid_0120,02dd7b9d-c7fe-41b8-993a-e250b07a5ceb.mp4,Dataset/Dataset2/similar_dataset/push-up/02dd7b9d-c7fe-41b8-993a-e250b07a5ceb.mp4,similar_dataset,supplementary,push_up,837405,97f3d726f3aadbea923d00d8e277601df9aad74ab4ebd158d186df71821cdbc2,False,,854,480,30.0,300,10.0,True,train
vid_0121,0b78db8e-3c32-4248-bbff-b483f9d910d3.mp4,Dataset/Dataset2/similar_dataset/push-up/0b78db8e-3c32-4248-bbff-b483f9d910d3.mp4,similar_dataset,supplementary,push_up,832889,8a7ab5f5531f9bab5e2c32478418c567a436d9d0a67ead18cd6a22cdc89f4e9d,False,,608,1080,30.0,234,7.8,True,train
vid_0122,10cad66c-a298-4de5-ac55-16ff825f8101.mp4,Dataset/Dataset2/similar_dataset/push-up/10cad66c-a298-4de5-ac55-16ff825f8101.mp4,similar_dataset,supplementary,push_up,2864586,089fcdd2ef42833d7fb464aac31318cec7f90cd3b56e2b222bfcac47b09186be,False,,1280,720,21.43,215,10.03,True,train
vid_0123,53f39e2a-4ca3-45d1-af84-6ddfde7ff818.mp4,Dataset/Dataset2/similar_dataset/push-up/53f39e2a-4ca3-45d1-af84-6ddfde7ff818.mp4,similar_dataset,supplementary,push_up,875896,262d21ed97e2f6d35053288d08ca03e116e1a388bcd9a2dcf092fe42cff72f9e,False,,854,480,30.0,300,10.0,True,train
vid_0124,57f76c55-838a-4184-9ad0-effced296b5c.mp4,Dataset/Dataset2/similar_dataset/push-up/57f76c55-838a-4184-9ad0-effced296b5c.mp4,similar_dataset,supplementary,push_up,2884436,ca487809180ef319ec15c24d5d9d29bf647acba3489dbd231f5175977ab5db2c,False,,1280,720,21.43,215,10.03,True,train
vid_0125,5b596f14-2afd-45c1-a79b-f5b61bf050a7.mp4,Dataset/Dataset2/similar_dataset/push-up/5b596f14-2afd-45c1-a79b-f5b61bf050a7.mp4,similar_dataset,supplementary,push_up,1152434,5fd6468668027406023f1f22e7b20272d90406f0c3cdbf308c113c1a366cd8f9,False,,1280,720,21.43,86,4.01,True,test
vid_0126,5e507b14-eaeb-4b1a-9ff0-3de5883d0d22.mp4,Dataset/Dataset2/similar_dataset/push-up/5e507b14-eaeb-4b1a-9ff0-3de5883d0d22.mp4,similar_dataset,supplementary,push_up,3616577,b11c8707e6ee45f513e3a88a02c11480cb47613c7247ac72b491922a81f52ea5,False,,1920,1080,55.0,550,10.0,True,test
vid_0127,64f7ef6d-5a82-48e1-b75f-cca64f151315.mp4,Dataset/Dataset2/similar_dataset/push-up/64f7ef6d-5a82-48e1-b75f-cca64f151315.mp4,similar_dataset,supplementary,push_up,5281322,ecc2a9d0f98f8913c77b81ca18988dba70b106e9e3eb829895e974f69d29b886,False,,1920,1080,58.72,588,10.01,True,train
vid_0128,6e4f0e04-4dbd-476c-9884-a476bd7a2c33.mp4,Dataset/Dataset2/similar_dataset/push-up/6e4f0e04-4dbd-476c-9884-a476bd7a2c33.mp4,similar_dataset,supplementary,push_up,786529,c951637172675a0a491c6c7310432f1460d2a3ce36b86893508bc1e3e8a92b1e,False,,854,480,30.0,300,10.0,True,train
vid_0129,a31bfef9-b3ea-4fb9-8541-572fa62f15bb.mp4,Dataset/Dataset2/similar_dataset/push-up/a31bfef9-b3ea-4fb9-8541-572fa62f15bb.mp4,similar_dataset,supplementary,push_up,3675232,0baf9172345b8d201151d4b9fc6e302b35e3582c499122949e92464d12b08d57,False,,1920,1080,55.0,550,10.0,True,val
vid_0130,bd26f1c8-271f-45d2-a877-0deaa4f6e6f2.mp4,Dataset/Dataset2/similar_dataset/push-up/bd26f1c8-271f-45d2-a877-0deaa4f6e6f2.mp4,similar_dataset,supplementary,push_up,3717203,40fe92c750499b8adf977ecc85ffff850128e05453c750fa05508697cf745e23,False,,1920,1080,55.0,550,10.0,True,test
vid_0131,v_PushUps_g01_c02.avi,Dataset/Dataset2/similar_dataset/push-up/v_PushUps_g01_c02.avi,similar_dataset,supplementary,push_up,104424,87ed288e723605a37e00c02cc1062b5f741c6c066aa2228fe18d2b1d0966a6f6,False,,320,240,25.0,53,2.12,True,train
vid_0132,v_PushUps_g17_c02.avi,Dataset/Dataset2/similar_dataset/push-up/v_PushUps_g17_c02.avi,similar_dataset,supplementary,push_up,217236,b403d3433bb12fbc25f059ffcebae3375f7e93434ae90e57c9c501d02a6b759c,False,,320,240,25.0,81,3.24,True,train
vid_0133,v_PushUps_g17_c03.avi,Dataset/Dataset2/similar_dataset/push-up/v_PushUps_g17_c03.avi,similar_dataset,supplementary,push_up,208552,53fe96ae41eb282d0cdf466e48bcd1daa7ccd40234b6a464805d3a8b6a1452df,False,,320,240,25.0,74,2.96,True,train
vid_0134,v_PushUps_g19_c03.avi,Dataset/Dataset2/similar_dataset/push-up/v_PushUps_g19_c03.avi,similar_dataset,supplementary,push_up,203934,50a3cc8b5a76fdbd5a7e8c402a00c0bff780420e4a7f07a4227fc134340db025,False,,320,240,25.0,76,3.04,True,train
vid_0135,v_PushUps_g25_c01.avi,Dataset/Dataset2/similar_dataset/push-up/v_PushUps_g25_c01.avi,similar_dataset,supplementary,push_up,260800,b8d8c57093148c99314b726781d0e6eace9c634751bf8a84b1d580c70a73e6a9,False,,320,240,25.0,90,3.6,True,val
vid_0136,v_PushUps_g25_c02.avi,Dataset/Dataset2/similar_dataset/push-up/v_PushUps_g25_c02.avi,similar_dataset,supplementary,push_up,310132,920c9f7b0579ded1d834e87fca4023f73e51c75ef5d4ce6a28073a9d4a0e045b,False,,320,240,25.0,109,4.36,True,train
vid_0137,17496a37-c1f7-4105-9c07-e7cfbca06106.mp4,Dataset/Dataset2/similar_dataset/shoulder press/17496a37-c1f7-4105-9c07-e7cfbca06106.mp4,similar_dataset,supplementary,shoulder_press,591381,ad60edca21ebf3c468a16bd7d93aa675fe86e77b54b15977efbb643fee4de09a,False,,480,268,29.97,270,9.01,True,test
vid_0138,237de26b-2b1e-4f62-9844-b30fc9860c72.mp4,Dataset/Dataset2/similar_dataset/shoulder press/237de26b-2b1e-4f62-9844-b30fc9860c72.mp4,similar_dataset,supplementary,shoulder_press,2299758,b00c597ce9d8493a410d604441a5b115fdf1ee95278f747d74bd3acd9d244e3a,False,,608,1080,29.92,300,10.03,True,train
vid_0139,30fe126e-0985-48af-813f-65c30d49913d.mp4,Dataset/Dataset2/similar_dataset/shoulder press/30fe126e-0985-48af-813f-65c30d49913d.mp4,similar_dataset,supplementary,shoulder_press,2391820,a0bcb9b864747ee9eb2410b8944635c3f15c2fc50305e244867f3fe37f376170,False,,1080,1918,30.0,288,9.6,True,train
vid_0140,51f72e68-ec28-4272-b15c-45586c244398.mp4,Dataset/Dataset2/similar_dataset/shoulder press/51f72e68-ec28-4272-b15c-45586c244398.mp4,similar_dataset,supplementary,shoulder_press,3615048,6cbea9622b5418a4d48ffb6c172f68a7ce26e07ce056070cccad10b8e793ab87,False,,1080,1920,30.0,312,10.4,True,train
vid_0141,555859e7-8a16-4494-8dca-dff27cbdd9c8.mp4,Dataset/Dataset2/similar_dataset/shoulder press/555859e7-8a16-4494-8dca-dff27cbdd9c8.mp4,similar_dataset,supplementary,shoulder_press,2249523,d3fccde871228c636cb411a5badc4a524d57978f6535a2a6237d2ef71881461a,False,,608,1080,29.92,299,9.99,True,val
vid_0142,6397dc79-5ba3-4244-a426-c24d6e7cfeb0.mp4,Dataset/Dataset2/similar_dataset/shoulder press/6397dc79-5ba3-4244-a426-c24d6e7cfeb0.mp4,similar_dataset,supplementary,shoulder_press,461046,b54ac296f0421c6032ac3eaafbbc8e0d45c7526385b6282ff2b7665366b62710,False,,480,268,29.97,300,10.01,True,train
vid_0143,a34f39ab-161f-41fe-853d-3eeea21073bd.mp4,Dataset/Dataset2/similar_dataset/shoulder press/a34f39ab-161f-41fe-853d-3eeea21073bd.mp4,similar_dataset,supplementary,shoulder_press,3307497,42ae56a2bd5031a5b5cc31723f1a51e8092511959da1a0b22b76af2e0b48e178,False,,1920,1080,29.97,402,13.41,True,train
vid_0144,b066cbc1-931a-4af5-b668-36e98e7091b6.mp4,Dataset/Dataset2/similar_dataset/shoulder press/b066cbc1-931a-4af5-b668-36e98e7091b6.mp4,similar_dataset,supplementary,shoulder_press,7257779,f08529af64776ab0720bea15ee58a67649a7aed01561a83ca37f802acbdcc50f,False,,1920,1080,24.0,302,12.58,True,train
vid_0145,b8a72e6b-f7ad-406a-9aa5-a3df903ec40e.mp4,Dataset/Dataset2/similar_dataset/shoulder press/b8a72e6b-f7ad-406a-9aa5-a3df903ec40e.mp4,similar_dataset,supplementary,shoulder_press,3736972,2e1aed6a512034ec0d681827b378168579e56e5ad878e981a7d9348d2cb1781e,False,,1920,1012,23.98,245,10.22,True,train
vid_0146,f44ec93a-ce42-46a4-97f4-015bea952a00.mp4,Dataset/Dataset2/similar_dataset/shoulder press/f44ec93a-ce42-46a4-97f4-015bea952a00.mp4,similar_dataset,supplementary,shoulder_press,6979211,ac4fd15ab43366ec51b83cad8346d880b03cff4918c8e92de7a1da0d0aea792b,False,,1920,1080,24.0,288,12.0,True,train
vid_0147,fc319e88-4be0-467e-9dfd-cb7b3512f3ed.mp4,Dataset/Dataset2/similar_dataset/shoulder press/fc319e88-4be0-467e-9dfd-cb7b3512f3ed.mp4,similar_dataset,supplementary,shoulder_press,2601951,100076e9055acbe9f2d709d7f80696de7dba7c10ae8ba969a791af4cb672cf3f,False,,1920,1080,23.98,216,9.01,True,train
vid_0148,shoulder press_12.mp4,Dataset/Dataset2/similar_dataset/shoulder press/shoulder press_12.mp4,similar_dataset,supplementary,shoulder_press,4760451,0d82ae081b544be1b14de59693e900be86e1fb6697c5efc0206591a5c54fc15e,True,Duplicate filename with Dataset\Dataset2\final_kaggle_with_additional_video\shoulder press\shoulder press_12.mp4,640,360,29.97,272,9.08,True,excluded
vid_0149,shoulder press_3.MOV,Dataset/Dataset2/similar_dataset/shoulder press/shoulder press_3.MOV,similar_dataset,supplementary,shoulder_press,45937856,f15f0e54436c460dd84111eba8c30bd6768586f0f0f662b10c0d8fe91c1b5a50,True,Duplicate filename with Dataset\Dataset2\final_kaggle_with_additional_video\shoulder press\shoulder press_3.MOV,1920,1080,29.97,396,13.21,True,excluded
vid_0150,shoulder press_4.MOV,Dataset/Dataset2/similar_dataset/shoulder press/shoulder press_4.MOV,similar_dataset,supplementary,shoulder_press,53886217,79de9ed509c8fa5f7fb6817479782c4d3aa3385cf21f232d5c1dd2bbe4da6e8e,True,Duplicate filename with Dataset\Dataset2\final_kaggle_with_additional_video\shoulder press\shoulder press_4.MOV,1920,1080,29.98,420,14.01,True,excluded
vid_0151,shoulder press_6.mp4,Dataset/Dataset2/similar_dataset/shoulder press/shoulder press_6.mp4,similar_dataset,supplementary,shoulder_press,3755079,84c2c233ae193f1ef1858fe45755775cd12655d3c56d54cdda0da6af2368c096,True,Duplicate filename with Dataset\Dataset2\final_kaggle_with_additional_video\shoulder press\shoulder press_6.mp4,1280,720,29.97,156,5.21,True,excluded
vid_0152,shoulder press_7.mp4,Dataset/Dataset2/similar_dataset/shoulder press/shoulder press_7.mp4,similar_dataset,supplementary,shoulder_press,7491881,8b171534e235d72fb62f1a6196935b22ba158b73bd9db47a0278c869638550ba,True,Duplicate filename with Dataset\Dataset2\final_kaggle_with_additional_video\shoulder press\shoulder press_7.mp4,1280,720,29.97,315,10.51,True,excluded
vid_0153,shoulder press_8.mp4,Dataset/Dataset2/similar_dataset/shoulder press/shoulder press_8.mp4,similar_dataset,supplementary,shoulder_press,3580142,8e5f49a4298dc6845327c8b50261b0e978cafe63c6fd50bfbd1e89a4de5cdf6e,True,Duplicate filename with Dataset\Dataset2\final_kaggle_with_additional_video\shoulder press\shoulder press_8.mp4,1280,720,25.0,118,4.72,True,excluded
vid_0154,shoulder press_9.mp4,Dataset/Dataset2/similar_dataset/shoulder press/shoulder press_9.mp4,similar_dataset,supplementary,shoulder_press,7599356,c500e4d057b54cf55c159c345e398f576d4b51e3a342bc14433e3cdef00030a0,True,Duplicate filename with Dataset\Dataset2\final_kaggle_with_additional_video\shoulder press\shoulder press_9.mp4,1280,720,25.0,270,10.8,True,excluded
vid_0155,1e2c254b-0d5a-4fd6-a6d4-2681333d927b.mp4,Dataset/Dataset2/similar_dataset/squat/1e2c254b-0d5a-4fd6-a6d4-2681333d927b.mp4,similar_dataset,supplementary,squat,1774541,6b26d5e20b55a9b9c59bafcd7d70f6b911560dc8261f021a219b7438bb9ebaad,False,,1280,720,29.97,300,10.01,True,test
vid_0156,2a516b63-bccf-490e-807a-e6102303381f.mp4,Dataset/Dataset2/similar_dataset/squat/2a516b63-bccf-490e-807a-e6102303381f.mp4,similar_dataset,supplementary,squat,2354441,0893e1fde863afbe18f320680073648eaa5fae5ef2d06c6e72ca40b1e1839575,False,,1920,1080,30.0,300,10.0,True,train
vid_0157,385c01f2-e604-46d4-a84b-949b733395dd.mp4,Dataset/Dataset2/similar_dataset/squat/385c01f2-e604-46d4-a84b-949b733395dd.mp4,similar_dataset,supplementary,squat,267872,3c27feb524b9597d71c0ddf8bc7c2fe9fb79b034a158d6351c991c6039436503,False,,1280,720,23.98,120,5.0,True,val
vid_0158,6dddd176-2460-48cf-bd01-3eaaa0dc754f.mp4,Dataset/Dataset2/similar_dataset/squat/6dddd176-2460-48cf-bd01-3eaaa0dc754f.mp4,similar_dataset,supplementary,squat,2025572,e669e6151fecb2802c19a7929d90cc968d0590b9f43781c18848d3656fb72287,False,,1280,720,30.0,300,10.0,True,train
vid_0159,71ef5d06-bfea-449b-8ff3-b428ae7dbaa7.mp4,Dataset/Dataset2/similar_dataset/squat/71ef5d06-bfea-449b-8ff3-b428ae7dbaa7.mp4,similar_dataset,supplementary,squat,754668,fe1575bc2399ef28a4c8c7dc98ae42773f30078e619179891198d19f13261ca0,False,,1280,720,23.98,240,10.01,True,train
vid_0160,7ddd38c8-0649-4092-8ddc-5ce2ba0bd4d1.mp4,Dataset/Dataset2/similar_dataset/squat/7ddd38c8-0649-4092-8ddc-5ce2ba0bd4d1.mp4,similar_dataset,supplementary,squat,2090140,563b4871b633fcc1e80e3ab0087a96d911411931bc7fe9677d967cbc5d435fb6,False,,1920,1080,30.0,300,10.0,True,train
vid_0161,897f5a21-f1a1-477e-aa8b-11b7ee9378d2.mp4,Dataset/Dataset2/similar_dataset/squat/897f5a21-f1a1-477e-aa8b-11b7ee9378d2.mp4,similar_dataset,supplementary,squat,1224445,6dedd4ce1eec9db5929a49a63b58b7b489d98a19bb7cf55d41bd60f8fdbe58b7,False,,1280,720,30.0,180,6.0,True,train
vid_0162,v_BodyWeightSquats_g01_c01.avi,Dataset/Dataset2/similar_dataset/squat/v_BodyWeightSquats_g01_c01.avi,similar_dataset,supplementary,squat,523994,11f4a15b9697a252d617f89580427cbf3ed266c8b159131ce4ee57674adb4e33,False,,320,240,25.0,267,10.68,True,train
vid_0163,v_BodyWeightSquats_g01_c02.avi,Dataset/Dataset2/similar_dataset/squat/v_BodyWeightSquats_g01_c02.avi,similar_dataset,supplementary,squat,488612,1bfa3b2e2181da9a4df4fd655464d490477605b0049b9f4ac8b432132cc55efc,False,,320,240,25.0,252,10.08,True,train
vid_0164,v_BodyWeightSquats_g02_c02.avi,Dataset/Dataset2/similar_dataset/squat/v_BodyWeightSquats_g02_c02.avi,similar_dataset,supplementary,squat,205824,8c59af0e249a4b9127a73bb89144385a7d6e9f1e014554b43c199d88a83b1bd8,False,,320,240,25.0,57,2.28,True,train
vid_0165,v_BodyWeightSquats_g02_c03.avi,Dataset/Dataset2/similar_dataset/squat/v_BodyWeightSquats_g02_c03.avi,similar_dataset,supplementary,squat,448170,6878c7a744f80e27909fa49f5d82c6f7cf3f8ad7b09d0cf90df90afc6b183ef0,False,,320,240,25.0,117,4.68,True,train
vid_0166,v_BodyWeightSquats_g04_c03.avi,Dataset/Dataset2/similar_dataset/squat/v_BodyWeightSquats_g04_c03.avi,similar_dataset,supplementary,squat,220920,3875e44aed9300bab02f0a5dba32ca40b5123aa52f73d3c0ceeb9e9ac6c0c521,False,,320,240,25.0,88,3.52,True,train
vid_0167,v_BodyWeightSquats_g04_c04.avi,Dataset/Dataset2/similar_dataset/squat/v_BodyWeightSquats_g04_c04.avi,similar_dataset,supplementary,squat,156140,36547ceafa9a1972e3643ad4a147361f09b0f79c1929f864419f5fbc20e638b3,False,,320,240,25.0,63,2.52,True,train
vid_0168,v_BodyWeightSquats_g06_c01.avi,Dataset/Dataset2/similar_dataset/squat/v_BodyWeightSquats_g06_c01.avi,similar_dataset,supplementary,squat,372936,b7d237f27db188af259f9bbd2c84e04d3906abb3b0e46db7defbefa07393bb5a,False,,320,240,25.0,179,7.16,True,train
vid_0169,v_BodyWeightSquats_g06_c02.avi,Dataset/Dataset2/similar_dataset/squat/v_BodyWeightSquats_g06_c02.avi,similar_dataset,supplementary,squat,269046,d1dafc3dfcb8c26e944b513f5ad9e56789918f6a2463d8572c6eb9f36de992a6,False,,320,240,25.0,122,4.88,True,train
vid_0170,v_BodyWeightSquats_g15_c03.avi,Dataset/Dataset2/similar_dataset/squat/v_BodyWeightSquats_g15_c03.avi,similar_dataset,supplementary,squat,185102,791c71d429718ec425ee910d335b16a7e2c61dd616f19296a5ed57f95ce48062,False,,320,240,25.0,137,5.48,True,val
vid_0171,v_BodyWeightSquats_g15_c04.avi,Dataset/Dataset2/similar_dataset/squat/v_BodyWeightSquats_g15_c04.avi,similar_dataset,supplementary,squat,168002,ae69bdebc4e22cb4815f892fff2a0f203e50da2aa378368df9421a961b9c083f,False,,320,240,25.0,126,5.04,True,train
vid_0172,v_BodyWeightSquats_g22_c03.avi,Dataset/Dataset2/similar_dataset/squat/v_BodyWeightSquats_g22_c03.avi,similar_dataset,supplementary,squat,311776,9bd76c81e03544f897057d8436edbb5e7787b72316340200b79b2b03ddc662f5,False,,320,240,25.0,138,5.52,True,val
vid_0173,barbell biceps curl_1.mp4,Dataset/Dataset2/my_test_video_1/barbell biceps curl/barbell biceps curl_1.mp4,my_test_video_1,external_test,bicep_curl,22575400,ef1abe314589975aa778d0671f80f0d82813e4cbf95afab723ff6fcf25f54433,False,,1280,720,30.0,577,19.23,True,external_test
vid_0174,barbell biceps curl_2.mp4,Dataset/Dataset2/my_test_video_1/barbell biceps curl/barbell biceps curl_2.mp4,my_test_video_1,external_test,bicep_curl,14739758,c198d765cc4e646c26201e10c19d4cf63930d975d35a239c8553f4bd62c873b4,False,,1280,720,30.0,375,12.5,True,external_test
vid_0175,barbell biceps curl_3.mp4,Dataset/Dataset2/my_test_video_1/barbell biceps curl/barbell biceps curl_3.mp4,my_test_video_1,external_test,bicep_curl,16124477,0c7275fc6997cae4d68280925c23c5d0ed904193ac420ca3975636b496c3a0da,False,,1280,720,30.0,412,13.73,True,external_test
vid_0176,barbell biceps curl_4.mp4,Dataset/Dataset2/my_test_video_1/barbell biceps curl/barbell biceps curl_4.mp4,my_test_video_1,external_test,bicep_curl,8505387,3300e2c3abc5d982fdad940879c4fc0f8522e1d00dbead8b5b893815cc5d6b27,False,,1280,720,30.0,217,7.23,True,external_test
vid_0177,push-up_1.mp4,Dataset/Dataset2/my_test_video_1/push-up/push-up_1.mp4,my_test_video_1,external_test,push_up,15719546,a24f023fd682e72491a451b89410f49fdd13fb225a728b0d87aff2249ddf4b1b,False,,1280,720,30.0,422,14.07,True,external_test
vid_0178,push-up_2.mp4,Dataset/Dataset2/my_test_video_1/push-up/push-up_2.mp4,my_test_video_1,external_test,push_up,13499230,e149284680683a3aa8c4740c730a7ed90fbff942a0b72965b8d754799fec6be3,False,,1280,720,30.0,362,12.07,True,external_test
vid_0179,push-up_3.mp4,Dataset/Dataset2/my_test_video_1/push-up/push-up_3.mp4,my_test_video_1,external_test,push_up,13679281,b54a112cd7f521637aec05599ec20f8ca530abde40df352bebc7a9627ca20cab,False,,1280,720,30.0,366,12.2,True,external_test
vid_0180,shoulder press_1.mp4,Dataset/Dataset2/my_test_video_1/shoulder press/shoulder press_1.mp4,my_test_video_1,external_test,shoulder_press,17243583,ebc31e6a3d3b4111f923ea095dfc6e61480b7a0d27c8700995606e56c4cba70b,False,,1280,720,30.0,439,14.63,True,external_test
vid_0181,shoulder press_2.mp4,Dataset/Dataset2/my_test_video_1/shoulder press/shoulder press_2.mp4,my_test_video_1,external_test,shoulder_press,13760299,639010051ad58cdec2bffcc42bc56f6cb845106eeb8d96c3be6ca177c7e2088f,False,,1280,720,30.0,353,11.77,True,external_test
vid_0182,shoulder press_3.mp4,Dataset/Dataset2/my_test_video_1/shoulder press/shoulder press_3.mp4,my_test_video_1,external_test,shoulder_press,19248957,7dea58cd2842edcafc00a8e34cd05e1c68d7f6a42a3da7a095cf26d3c45a9502,False,,1280,720,30.0,491,16.37,True,external_test
vid_0183,shoulder press_4.mp4,Dataset/Dataset2/my_test_video_1/shoulder press/shoulder press_4.mp4,my_test_video_1,external_test,shoulder_press,17600177,e85bf7428c37e4df02791b9c8967bddec4b96d47cc23e8a86575ac8d4806689b,False,,1280,720,30.0,449,14.97,True,external_test
vid_0184,squat_1.mp4,Dataset/Dataset2/my_test_video_1/squat/squat_1.mp4,my_test_video_1,external_test,squat,21401413,54b41d76494ede8ec87fe9ab52d46db2436f8ea600b915634590cbe076bb198b,False,,1280,720,30.0,545,18.17,True,external_test
vid_0185,squat_2.mp4,Dataset/Dataset2/my_test_video_1/squat/squat_2.mp4,my_test_video_1,external_test,squat,16671335,64e5b49bebc65bcb9b2c450729b1f5a31bff7be039610114e672beb32a7f94e8,False,,1280,720,30.0,424,14.13,True,external_test
vid_0186,squat_3.mp4,Dataset/Dataset2/my_test_video_1/squat/squat_3.mp4,my_test_video_1,external_test,squat,10868510,907f33c35833524b37b7f6f70e9294bd5788b5a21968ccd6a7889de49dc171bb,False,,1280,720,30.0,279,9.3,True,external_test
vid_0187,squat_4.mp4,Dataset/Dataset2/my_test_video_1/squat/squat_4.mp4,my_test_video_1,external_test,squat,20686664,cf22fbef6a1edb8ff528e0c11111f22e6fac8c031461d58bf250acba3f044640,False,,1280,720,30.0,527,17.57,True,external_test
